title,url,date
SVP will Energieministerin Sommaruga mit Ueli Maurer ersetzen,https://www.tagesanzeiger.ch//sommaruga-ist-der-schwierigen-situation-nicht-gewachsen-923359759362,2022-08-01 20:06:33.855505
SVP will Energieministerin Sommaruga mit Ueli Maurer ersetzen,https://www.tagesanzeiger.ch//sommaruga-ist-der-schwierigen-situation-nicht-gewachsen-923359759362,2022-08-01 20:31:55.190379
SVP will Energieministerin Sommaruga mit Ueli Maurer ersetzen,https://www.tagesanzeiger.ch//sommaruga-ist-der-schwierigen-situation-nicht-gewachsen-923359759362,2022-08-01 20:47:28.933256
SVP will Energieministerin Sommaruga mit Ueli Maurer ersetzen,https://www.tagesanzeiger.ch//sommaruga-ist-der-schwierigen-situation-nicht-gewachsen-923359759362,2022-08-01 20:58:27.580078
SVP will Energieministerin Sommaruga mit Ueli Maurer ersetzen,https://www.tagesanzeiger.ch//sommaruga-ist-der-schwierigen-situation-nicht-gewachsen-923359759362,2022-08-01 21:22:01.658543
SVP will Energieministerin Sommaruga mit Ueli Maurer ersetzen,https://www.tagesanzeiger.ch//sommaruga-ist-der-schwierigen-situation-nicht-gewachsen-923359759362,2022-08-01 21:39:14.682338
SVP will Energieministerin Sommaruga mit Ueli Maurer ersetzen,https://www.tagesanzeiger.ch//sommaruga-ist-der-schwierigen-situation-nicht-gewachsen-923359759362,2022-08-01 21:51:32.252754
SVP will Energieministerin Sommaruga mit Ueli Maurer ersetzen,https://www.tagesanzeiger.ch//sommaruga-ist-der-schwierigen-situation-nicht-gewachsen-923359759362,2022-08-01 22:10:17.707222
SVP will Energieministerin Sommaruga mit Ueli Maurer ersetzen,https://www.tagesanzeiger.ch//sommaruga-ist-der-schwierigen-situation-nicht-gewachsen-923359759362,2022-08-01 22:33:35.197065
SVP will Energieministerin Sommaruga mit Ueli Maurer ersetzen,https://www.tagesanzeiger.ch//sommaruga-ist-der-schwierigen-situation-nicht-gewachsen-923359759362,2022-08-01 22:46:51.535466
SVP will Energieministerin Sommaruga mit Ueli Maurer ersetzen,https://www.tagesanzeiger.ch//sommaruga-ist-der-schwierigen-situation-nicht-gewachsen-923359759362,2022-08-01 22:57:59.670372
SVP will Energieministerin Sommaruga mit Ueli Maurer ersetzen,https://www.tagesanzeiger.ch//sommaruga-ist-der-schwierigen-situation-nicht-gewachsen-923359759362,2022-08-01 23:27:40.409470
SVP will Energieministerin Sommaruga mit Ueli Maurer ersetzen,https://www.tagesanzeiger.ch//sommaruga-ist-der-schwierigen-situation-nicht-gewachsen-923359759362,2022-08-01 23:44:18.187336
SVP will Energieministerin Sommaruga mit Ueli Maurer ersetzen,https://www.tagesanzeiger.ch//sommaruga-ist-der-schwierigen-situation-nicht-gewachsen-923359759362,2022-08-01 23:55:24.318200
SVP will Energieministerin Sommaruga mit Ueli Maurer ersetzen,https://www.tagesanzeiger.ch//sommaruga-ist-der-schwierigen-situation-nicht-gewachsen-923359759362,2022-08-02 02:10:00.441156
SVP will Energieministerin Sommaruga mit Ueli Maurer ersetzen,https://www.tagesanzeiger.ch//sommaruga-ist-der-schwierigen-situation-nicht-gewachsen-923359759362,2022-08-02 04:11:26.439190
SVP will Energie­ministerin Sommaruga mit Ueli Maurer ersetzen,https://www.tagesanzeiger.ch//sommaruga-ist-der-schwierigen-situation-nicht-gewachsen-923359759362,2022-08-02 05:27:23.477571
SVP will Energie­ministerin Sommaruga mit Ueli Maurer ersetzen,https://www.tagesanzeiger.ch//sommaruga-ist-der-schwierigen-situation-nicht-gewachsen-923359759362,2022-08-02 05:56:20.091340
SVP will Energie­ministerin Sommaruga mit Ueli Maurer ersetzen,https://www.tagesanzeiger.ch//sommaruga-ist-der-schwierigen-situation-nicht-gewachsen-923359759362,2022-08-02 06:26:03.661709
USA töten 9/11-Drahtzieher per Drohne auf Balkon in Kabul,https://www.tagesanzeiger.ch//usa-verkuenden-al-kaida-chef-bei-drohnenangriff-getoetet-391343652788,2022-08-02 06:48:53.121216
USA töten 9/11-Drahtzieher per Drohne auf Balkon in Kabul,https://www.tagesanzeiger.ch//usa-verkuenden-al-kaida-chef-bei-drohnenangriff-getoetet-391343652788,2022-08-02 06:59:53.855250
USA töten 9/11-Drahtzieher per Drohne auf Balkon in Kabul,https://www.tagesanzeiger.ch//usa-verkuenden-al-kaida-chef-bei-drohnenangriff-getoetet-391343652788,2022-08-02 07:25:34.857188
USA töten 9/11-Drahtzieher per Drohne auf Balkon in Kabul,https://www.tagesanzeiger.ch//usa-verkuenden-al-kaida-chef-bei-drohnenangriff-getoetet-391343652788,2022-08-02 07:39:52.668878
USA töten 9/11-Drahtzieher per Drohne auf Balkon in Kabul,https://www.tagesanzeiger.ch//usa-verkuenden-al-kaida-chef-bei-drohnenangriff-getoetet-391343652788,2022-08-02 07:50:51.090552
USA töten 9/11-Drahtzieher per Drohne auf Balkon in Kabul,https://www.tagesanzeiger.ch//usa-verkuenden-al-kaida-chef-bei-drohnenangriff-getoetet-391343652788,2022-08-02 08:11:15.241494
USA töten 9/11-Drahtzieher per Drohne auf Balkon in Kabul,https://www.tagesanzeiger.ch//usa-verkuenden-al-kaida-chef-bei-drohnenangriff-getoetet-391343652788,2022-08-02 08:41:34.177484
"«Wie viel habt Ihr investiert?» – «Ich 100'000, meine Schwester 50'000»",https://www.tagesanzeiger.ch//wie-schweizer-cannabis-investoren-ein-vermoegen-verloren-228525154624,2022-08-02 08:56:56.404613
"«Wie viel habt Ihr investiert?» – «Ich 100'000, meine Schwester 50'000»",https://www.tagesanzeiger.ch//wie-schweizer-cannabis-investoren-ein-vermoegen-verloren-228525154624,2022-08-02 09:21:58.542354
"«Wie viel habt Ihr investiert?» – «Ich 100'000, meine Schwester 50'000»",https://www.tagesanzeiger.ch//wie-schweizer-cannabis-investoren-ein-vermoegen-verloren-228525154624,2022-08-02 09:37:52.358177
"«Wie viel habt Ihr investiert?» – «Ich 100'000, meine Schwester 50'000»",https://www.tagesanzeiger.ch//wie-schweizer-cannabis-investoren-ein-vermoegen-verloren-228525154624,2022-08-02 09:48:58.385293
"«Wie viel habt Ihr investiert?» – «Ich 100'000, meine Schwester 50'000»",https://www.tagesanzeiger.ch//wie-schweizer-cannabis-investoren-ein-vermoegen-verloren-228525154624,2022-08-02 10:00:05.643321
"«Wie viel habt Ihr investiert?» – «Ich 100'000, meine Schwester 50'000»",https://www.tagesanzeiger.ch//wie-schweizer-cannabis-investoren-ein-vermoegen-verloren-228525154624,2022-08-02 10:32:26.074676
"«Wie viel habt Ihr investiert?» – «Ich 100'000, meine Schwester 50'000»",https://www.tagesanzeiger.ch//wie-schweizer-cannabis-investoren-ein-vermoegen-verloren-228525154624,2022-08-02 10:50:29.846688
"«Wie viel habt Ihr investiert?» – «Ich 100'000, meine Schwester 50'000»",https://www.tagesanzeiger.ch//wie-schweizer-cannabis-investoren-ein-vermoegen-verloren-228525154624,2022-08-02 11:06:08.034565
"«Wie viel habt Ihr investiert?» – «Ich 100'000, meine Schwester 50'000»",https://www.tagesanzeiger.ch//wie-schweizer-cannabis-investoren-ein-vermoegen-verloren-228525154624,2022-08-02 11:25:34.783583
"«Wie viel habt Ihr investiert?» – «Ich 100'000, meine Schwester 50'000»",https://www.tagesanzeiger.ch//wie-schweizer-cannabis-investoren-ein-vermoegen-verloren-228525154624,2022-08-02 11:37:49.961112
"«In der Schweiz glauben wir, alle Probleme mit mehr Bildung lösen zu können»",https://www.tagesanzeiger.ch//in-der-schweiz-glauben-wir-alle-probleme-mit-mehr-bildung-loesen-zu-koennen-144176920272,2022-08-02 11:48:55.497647
"«In der Schweiz glauben wir, alle Probleme mit mehr Bildung lösen zu können»",https://www.tagesanzeiger.ch//in-der-schweiz-glauben-wir-alle-probleme-mit-mehr-bildung-loesen-zu-koennen-144176920272,2022-08-02 12:00:07.250926
"«In der Schweiz glauben wir, alle Probleme mit mehr Bildung lösen zu können»",https://www.tagesanzeiger.ch//in-der-schweiz-glauben-wir-alle-probleme-mit-mehr-bildung-loesen-zu-koennen-144176920272,2022-08-02 12:54:33.133196
Passagiere beissen sich nervös auf die Lippen – oben applaudiert der ganze Bus,https://www.tagesanzeiger.ch//passagiere-beissen-sich-nervoes-auf-die-lippen-oben-applaudiert-der-ganze-bus-663949574847,2022-08-02 13:39:23.856205
Passagiere beissen sich nervös auf die Lippen – oben applaudiert der ganze Bus,https://www.tagesanzeiger.ch//passagiere-beissen-sich-nervoes-auf-die-lippen-oben-applaudiert-der-ganze-bus-663949574847,2022-08-02 13:58:58.668715
Pelosis Maschine soll demnächst in Taiwan landen,https://www.tagesanzeiger.ch//pelosi-soll-in-kuerze-in-taiwan-landen-437294141206,2022-08-02 14:24:53.017777
Pelosis Maschine soll demnächst in Taiwan landen,https://www.tagesanzeiger.ch//pelosi-soll-in-kuerze-in-taiwan-landen-437294141206,2022-08-02 14:40:12.357106
Nancy Pelosis Maschine in Taiwan gelandet,https://www.tagesanzeiger.ch//pelosi-soll-in-kuerze-in-taiwan-landen-437294141206,2022-08-02 14:51:20.051722
Nancy Pelosi in Taipeh gelandet – Peking lässt Kampfjets patrouillieren,https://www.tagesanzeiger.ch//pelosi-soll-in-kuerze-in-taiwan-landen-437294141206,2022-08-02 15:08:53.658412
Nancy Pelosi in Taipeh gelandet – Peking lässt Kampfjets patrouillieren,https://www.tagesanzeiger.ch//pelosi-soll-in-kuerze-in-taiwan-landen-437294141206,2022-08-02 15:33:21.978786
Nancy Pelosi in Taipeh gelandet – Peking lässt Kampfjets patrouillieren,https://www.tagesanzeiger.ch//pelosi-soll-in-kuerze-in-taiwan-landen-437294141206,2022-08-02 15:49:04.691351
Pelosi gelandet  Demokratin erklärt umstrittenen Besuch  Reise laut China «grosse Provokation»,https://www.tagesanzeiger.ch//pelosi-soll-in-kuerze-in-taiwan-landen-437294141206,2022-08-02 16:00:00.004246
Pelosi gelandet  Demokratin erklärt umstrittenen Besuch  China droht mit «gezielten militärischen Aktionen»,https://www.tagesanzeiger.ch//pelosi-soll-in-kuerze-in-taiwan-landen-437294141206,2022-08-02 16:40:23.487950
Pelosi gelandet  Demokratin erklärt umstrittenen Besuch  China droht mit «gezielten militärischen Aktionen»,https://www.tagesanzeiger.ch//pelosi-soll-in-kuerze-in-taiwan-landen-437294141206,2022-08-02 17:11:47.495916
Pelosi gelandet  Demokratin erklärt umstrittenen Besuch  China droht mit «gezielten militärischen Aktionen»,https://www.tagesanzeiger.ch//pelosi-soll-in-kuerze-in-taiwan-landen-437294141206,2022-08-02 17:40:01.884817
Pelosi gelandet  Demokratin erklärt umstrittenen Besuch  China droht mit «gezielten militärischen Aktionen»,https://www.tagesanzeiger.ch//pelosi-soll-in-kuerze-in-taiwan-landen-437294141206,2022-08-02 17:53:32.529418
Die Situation ist gefährlich wie nie,https://www.tagesanzeiger.ch//die-taiwan-frage-darf-nicht-zum-stellvertreterkrieg-fuehren-335902386145,2022-08-02 18:18:07.851341
Die Situation ist gefährlich wie nie,https://www.tagesanzeiger.ch//die-taiwan-frage-darf-nicht-zum-stellvertreterkrieg-fuehren-335902386145,2022-08-02 18:41:48.490234
Die Situation ist gefährlich wie nie,https://www.tagesanzeiger.ch//die-taiwan-frage-darf-nicht-zum-stellvertreterkrieg-fuehren-335902386145,2022-08-02 18:55:28.828314
Die Situation ist gefährlich wie nie,https://www.tagesanzeiger.ch//die-taiwan-frage-darf-nicht-zum-stellvertreterkrieg-fuehren-335902386145,2022-08-02 19:15:15.060318
Die Situation ist gefährlich wie nie,https://www.tagesanzeiger.ch//die-taiwan-frage-darf-nicht-zum-stellvertreterkrieg-fuehren-335902386145,2022-08-02 19:27:41.948677
Die Situation ist gefährlich wie nie,https://www.tagesanzeiger.ch//die-taiwan-frage-darf-nicht-zum-stellvertreterkrieg-fuehren-335902386145,2022-08-02 19:39:27.424546
Die Situation ist gefährlich wie nie,https://www.tagesanzeiger.ch//die-taiwan-frage-darf-nicht-zum-stellvertreterkrieg-fuehren-335902386145,2022-08-02 19:50:30.367989
"«Es ist, als hätte ich endlich nach Hause gefunden»",https://www.tagesanzeiger.ch//es-ist-als-haette-ich-endlich-nach-hause-gefunden-752419844178,2022-08-02 20:09:06.306209
"«Es ist, als hätte ich endlich nach Hause gefunden»",https://www.tagesanzeiger.ch//es-ist-als-haette-ich-endlich-nach-hause-gefunden-752419844178,2022-08-02 20:31:12.413848
"«Es ist, als hätte ich endlich nach Hause gefunden»",https://www.tagesanzeiger.ch//es-ist-als-haette-ich-endlich-nach-hause-gefunden-752419844178,2022-08-02 20:46:31.144842
"«Es ist, als hätte ich endlich nach Hause gefunden»",https://www.tagesanzeiger.ch//es-ist-als-haette-ich-endlich-nach-hause-gefunden-752419844178,2022-08-02 20:57:19.343316
"«Es ist, als hätte ich endlich nach Hause gefunden»",https://www.tagesanzeiger.ch//es-ist-als-haette-ich-endlich-nach-hause-gefunden-752419844178,2022-08-02 21:20:46.004698
"«Es ist, als hätte ich endlich nach Hause gefunden»",https://www.tagesanzeiger.ch//es-ist-als-haette-ich-endlich-nach-hause-gefunden-752419844178,2022-08-02 21:35:15.758027
"«Es ist, als hätte ich endlich nach Hause gefunden»",https://www.tagesanzeiger.ch//es-ist-als-haette-ich-endlich-nach-hause-gefunden-752419844178,2022-08-02 21:46:20.332727
"«Es ist, als hätte ich endlich nach Hause gefunden»",https://www.tagesanzeiger.ch//es-ist-als-haette-ich-endlich-nach-hause-gefunden-752419844178,2022-08-02 21:57:17.728987
"«Es ist, als hätte ich endlich nach Hause gefunden»",https://www.tagesanzeiger.ch//es-ist-als-haette-ich-endlich-nach-hause-gefunden-752419844178,2022-08-02 22:25:22.437926
"«Es ist, als hätte ich endlich nach Hause gefunden»",https://www.tagesanzeiger.ch//es-ist-als-haette-ich-endlich-nach-hause-gefunden-752419844178,2022-08-02 22:43:20.858422
"«Es ist, als hätte ich endlich nach Hause gefunden»",https://www.tagesanzeiger.ch//es-ist-als-haette-ich-endlich-nach-hause-gefunden-752419844178,2022-08-02 22:53:41.661923
"«Es ist, als hätte ich endlich nach Hause gefunden»",https://www.tagesanzeiger.ch//es-ist-als-haette-ich-endlich-nach-hause-gefunden-752419844178,2022-08-02 23:15:17.369887
"«Es ist, als hätte ich endlich nach Hause gefunden»",https://www.tagesanzeiger.ch//es-ist-als-haette-ich-endlich-nach-hause-gefunden-752419844178,2022-08-02 23:34:30.648632
"«Es ist, als hätte ich endlich nach Hause gefunden»",https://www.tagesanzeiger.ch//es-ist-als-haette-ich-endlich-nach-hause-gefunden-752419844178,2022-08-02 23:46:43.273956
"«Es ist, als hätte ich endlich nach Hause gefunden»",https://www.tagesanzeiger.ch//es-ist-als-haette-ich-endlich-nach-hause-gefunden-752419844178,2022-08-02 23:57:48.759502
"«Es ist, als hätte ich endlich nach Hause gefunden»",https://www.tagesanzeiger.ch//es-ist-als-haette-ich-endlich-nach-hause-gefunden-752419844178,2022-08-03 02:25:50.767960
"«Es ist, als hätte ich endlich nach Hause gefunden»",https://www.tagesanzeiger.ch//es-ist-als-haette-ich-endlich-nach-hause-gefunden-752419844178,2022-08-03 04:03:53.106602
Diese einfachen Rezepte helfen gegen eine heisse Stadt,https://www.tagesanzeiger.ch//diese-einfachen-rezepte-helfen-gegen-eine-heisse-stadt-139815893599,2022-08-03 05:15:04.076536
Diese einfachen Rezepte helfen gegen eine heisse Stadt,https://www.tagesanzeiger.ch//diese-einfachen-rezepte-helfen-gegen-eine-heisse-stadt-139815893599,2022-08-03 05:50:38.577765
Diese einfachen Rezepte helfen gegen eine heisse Stadt,https://www.tagesanzeiger.ch//diese-einfachen-rezepte-helfen-gegen-eine-heisse-stadt-139815893599,2022-08-03 06:09:55.162962
Diese einfachen Rezepte helfen gegen eine heisse Stadt,https://www.tagesanzeiger.ch//diese-einfachen-rezepte-helfen-gegen-eine-heisse-stadt-139815893599,2022-08-03 06:38:20.888572
Diese einfachen Rezepte helfen gegen eine heisse Stadt,https://www.tagesanzeiger.ch//diese-einfachen-rezepte-helfen-gegen-eine-heisse-stadt-139815893599,2022-08-03 06:54:47.616959
Diese einfachen Rezepte helfen gegen eine heisse Stadt,https://www.tagesanzeiger.ch//diese-einfachen-rezepte-helfen-gegen-eine-heisse-stadt-139815893599,2022-08-03 07:16:33.659009
Diese einfachen Rezepte helfen gegen eine heisse Stadt,https://www.tagesanzeiger.ch//diese-einfachen-rezepte-helfen-gegen-eine-heisse-stadt-139815893599,2022-08-03 07:31:54.818135
Diese einfachen Rezepte helfen gegen eine heisse Stadt,https://www.tagesanzeiger.ch//diese-einfachen-rezepte-helfen-gegen-eine-heisse-stadt-139815893599,2022-08-03 07:42:58.466960
Diese einfachen Rezepte helfen gegen eine heisse Stadt,https://www.tagesanzeiger.ch//diese-einfachen-rezepte-helfen-gegen-eine-heisse-stadt-139815893599,2022-08-03 07:54:03.465961
Diese einfachen Rezepte helfen gegen eine heisse Stadt,https://www.tagesanzeiger.ch//diese-einfachen-rezepte-helfen-gegen-eine-heisse-stadt-139815893599,2022-08-03 08:21:49.197016
Diese einfachen Rezepte helfen gegen eine heisse Stadt,https://www.tagesanzeiger.ch//diese-einfachen-rezepte-helfen-gegen-eine-heisse-stadt-139815893599,2022-08-03 08:46:19.584543
"Wie gross ist die Gefahr, dass China in Taiwan nachmacht, was Putin in der Ukraine tut?",https://www.tagesanzeiger.ch//wie-gross-ist-die-gefahr-dass-china-in-taiwan-nachmacht-was-putin-in-der-ukraine-tut-333655685059,2022-08-03 08:58:35.210454
"Wie gross ist die Gefahr, dass China in Taiwan nachmacht, was Putin in der Ukraine tut?",https://www.tagesanzeiger.ch//wie-gross-ist-die-gefahr-dass-china-in-taiwan-nachmacht-was-putin-in-der-ukraine-tut-333655685059,2022-08-03 09:24:40.311284
"Wie gross ist die Gefahr, dass China in Taiwan nachmacht, was Putin in der Ukraine tut?",https://www.tagesanzeiger.ch//wie-gross-ist-die-gefahr-dass-china-in-taiwan-nachmacht-was-putin-in-der-ukraine-tut-333655685059,2022-08-03 09:40:49.231257
"Wie gross ist die Gefahr, dass China in Taiwan nachmacht, was Putin in der Ukraine tut?",https://www.tagesanzeiger.ch//wie-gross-ist-die-gefahr-dass-china-in-taiwan-nachmacht-was-putin-in-der-ukraine-tut-333655685059,2022-08-03 09:51:46.405720
So stark hat die Zahl der Hitzetage in Schweizer Städten zugenommen,https://www.tagesanzeiger.ch//so-stark-hat-die-zahl-der-hitzetage-in-schweizer-staedten-zugenommen-232305672676,2022-08-03 10:11:10.031836
So stark hat die Zahl der Hitzetage in Schweizer Städten zugenommen,https://www.tagesanzeiger.ch//so-stark-hat-die-zahl-der-hitzetage-in-schweizer-staedten-zugenommen-232305672676,2022-08-03 10:35:16.943661
So stark hat die Zahl der Hitzetage in Schweizer Städten zugenommen,https://www.tagesanzeiger.ch//so-stark-hat-die-zahl-der-hitzetage-in-schweizer-staedten-zugenommen-232305672676,2022-08-03 10:48:32.305457
So stark hat die Zahl der Hitzetage in Schweizer Städten zugenommen,https://www.tagesanzeiger.ch//so-stark-hat-die-zahl-der-hitzetage-in-schweizer-staedten-zugenommen-232305672676,2022-08-03 10:59:31.504919
So stark hat die Zahl der Hitzetage in Schweizer Städten zugenommen,https://www.tagesanzeiger.ch//so-stark-hat-die-zahl-der-hitzetage-in-schweizer-staedten-zugenommen-232305672676,2022-08-03 11:21:31.915822
So stark hat die Zahl der Hitzetage in Schweizer Städten zugenommen,https://www.tagesanzeiger.ch//so-stark-hat-die-zahl-der-hitzetage-in-schweizer-staedten-zugenommen-232305672676,2022-08-03 11:34:37.938225
So stark hat die Zahl der Hitzetage in Schweizer Städten zugenommen,https://www.tagesanzeiger.ch//so-stark-hat-die-zahl-der-hitzetage-in-schweizer-staedten-zugenommen-232305672676,2022-08-03 11:45:37.092163
So stark hat die Zahl der Hitzetage in Schweizer Städten zugenommen,https://www.tagesanzeiger.ch//so-stark-hat-die-zahl-der-hitzetage-in-schweizer-staedten-zugenommen-232305672676,2022-08-03 11:56:47.408065
So stark hat die Zahl der Hitzetage in Schweizer Städten zugenommen,https://www.tagesanzeiger.ch//so-stark-hat-die-zahl-der-hitzetage-in-schweizer-staedten-zugenommen-232305672676,2022-08-03 12:47:24.590627
Boris Johnson hievt seinen Bruder Jo ins Oberhaus,https://www.tagesanzeiger.ch//boris-johnson-hievt-seinen-bruder-jo-ins-oberhaus-452590845374,2022-08-03 13:29:49.473660
Boris Johnson hievt seinen Bruder Jo ins Oberhaus,https://www.tagesanzeiger.ch//boris-johnson-hievt-seinen-bruder-jo-ins-oberhaus-452590845374,2022-08-03 13:57:22.437280
Boris Johnson hievt seinen Bruder Jo ins Oberhaus,https://www.tagesanzeiger.ch//boris-johnson-hievt-seinen-bruder-jo-ins-oberhaus-452590845374,2022-08-03 14:21:24.750207
Boris Johnson hievt seinen Bruder Jo ins Oberhaus,https://www.tagesanzeiger.ch//boris-johnson-hievt-seinen-bruder-jo-ins-oberhaus-452590845374,2022-08-03 14:35:39.682305
Boris Johnson hievt seinen Bruder Jo ins Oberhaus,https://www.tagesanzeiger.ch//boris-johnson-hievt-seinen-bruder-jo-ins-oberhaus-452590845374,2022-08-03 14:46:41.809478
Boris Johnson hievt seinen Bruder Jo ins Oberhaus,https://www.tagesanzeiger.ch//boris-johnson-hievt-seinen-bruder-jo-ins-oberhaus-452590845374,2022-08-03 14:57:38.999072
Boris Johnson hievt seinen Bruder Jo ins Oberhaus,https://www.tagesanzeiger.ch//boris-johnson-hievt-seinen-bruder-jo-ins-oberhaus-452590845374,2022-08-03 15:29:10.892862
Boris Johnson hievt seinen Bruder Jo ins Oberhaus,https://www.tagesanzeiger.ch//boris-johnson-hievt-seinen-bruder-jo-ins-oberhaus-452590845374,2022-08-03 15:50:04.386672
"«Die Schweiz muss klären, wie sie den Status von Taiwan definiert»",https://www.tagesanzeiger.ch//die-schweiz-muss-klaeren-wie-sie-den-status-von-taiwan-definiert-543694321845,2022-08-03 16:07:33.412276
"«Die Schweiz muss klären, wie sie den Status von Taiwan definiert»",https://www.tagesanzeiger.ch//die-schweiz-muss-klaeren-wie-sie-den-status-von-taiwan-definiert-543694321845,2022-08-03 16:45:20.608635
"«Die Schweiz muss klären, wie sie den Status von Taiwan definiert»",https://www.tagesanzeiger.ch//die-schweiz-muss-klaeren-wie-sie-den-status-von-taiwan-definiert-543694321845,2022-08-03 17:07:56.309322
"«Die Schweiz muss klären, wie sie den Status von Taiwan definiert»",https://www.tagesanzeiger.ch//die-schweiz-muss-klaeren-wie-sie-den-status-von-taiwan-definiert-543694321845,2022-08-03 17:32:20.297698
"«Die Schweiz muss klären, wie sie den Status von Taiwan definiert»",https://www.tagesanzeiger.ch//die-schweiz-muss-klaeren-wie-sie-den-status-von-taiwan-definiert-543694321845,2022-08-03 17:45:35.733342
Die Gräber wurden schon vor der Explosion ausgehoben,https://www.tagesanzeiger.ch//die-graeber-wurden-schon-vor-der-explosion-ausgehoben-317081168652,2022-08-03 17:56:50.978734
Die Gräber wurden schon vor der Explosion ausgehoben,https://www.tagesanzeiger.ch//die-graeber-wurden-schon-vor-der-explosion-ausgehoben-317081168652,2022-08-03 18:28:00.342925
Die Gräber wurden schon vor der Explosion ausgehoben,https://www.tagesanzeiger.ch//die-graeber-wurden-schon-vor-der-explosion-ausgehoben-317081168652,2022-08-03 18:49:09.201517
Die Gräber wurden schon vor der Explosion ausgehoben,https://www.tagesanzeiger.ch//die-graeber-wurden-schon-vor-der-explosion-ausgehoben-317081168652,2022-08-03 19:00:21.040117
Taifun Pelosi fegt über die Taiwanstrasse,https://www.tagesanzeiger.ch//taifun-pelosi-fegt-ueber-die-taiwanstrasse-473634232624,2022-08-03 19:20:44.790379
Taifun Pelosi fegt über die Taiwanstrasse,https://www.tagesanzeiger.ch//taifun-pelosi-fegt-ueber-die-taiwanstrasse-473634232624,2022-08-03 19:32:15.247908
Taifun Pelosi fegt über die Taiwanstrasse,https://www.tagesanzeiger.ch//taifun-pelosi-fegt-ueber-die-taiwanstrasse-473634232624,2022-08-03 19:43:22.124130
Taifun Pelosi fegt über die Taiwanstrasse,https://www.tagesanzeiger.ch//taifun-pelosi-fegt-ueber-die-taiwanstrasse-473634232624,2022-08-03 19:54:28.080922
Taifun Pelosi fegt über die Taiwanstrasse,https://www.tagesanzeiger.ch//taifun-pelosi-fegt-ueber-die-taiwanstrasse-473634232624,2022-08-03 20:17:59.964332
Taifun Pelosi fegt über die Taiwanstrasse,https://www.tagesanzeiger.ch//taifun-pelosi-fegt-ueber-die-taiwanstrasse-473634232624,2022-08-03 20:36:28.665091
Taifun Pelosi fegt über die Taiwanstrasse,https://www.tagesanzeiger.ch//taifun-pelosi-fegt-ueber-die-taiwanstrasse-473634232624,2022-08-03 20:48:34.359640
Taifun Pelosi fegt über die Taiwanstrasse,https://www.tagesanzeiger.ch//taifun-pelosi-fegt-ueber-die-taiwanstrasse-473634232624,2022-08-03 20:59:30.363946
Taifun Pelosi fegt über die Taiwanstrasse,https://www.tagesanzeiger.ch//taifun-pelosi-fegt-ueber-die-taiwanstrasse-473634232624,2022-08-03 21:23:09.988988
Taifun Pelosi fegt über die Taiwanstrasse,https://www.tagesanzeiger.ch//taifun-pelosi-fegt-ueber-die-taiwanstrasse-473634232624,2022-08-03 21:38:08.666756
Taifun Pelosi fegt über die Taiwanstrasse,https://www.tagesanzeiger.ch//taifun-pelosi-fegt-ueber-die-taiwanstrasse-473634232624,2022-08-03 21:49:11.788083
Taifun Pelosi fegt über die Taiwanstrasse,https://www.tagesanzeiger.ch//taifun-pelosi-fegt-ueber-die-taiwanstrasse-473634232624,2022-08-03 22:00:10.556607
Taifun Pelosi fegt über die Taiwanstrasse,https://www.tagesanzeiger.ch//taifun-pelosi-fegt-ueber-die-taiwanstrasse-473634232624,2022-08-03 22:26:59.392532
Taifun Pelosi fegt über die Taiwanstrasse,https://www.tagesanzeiger.ch//taifun-pelosi-fegt-ueber-die-taiwanstrasse-473634232624,2022-08-03 22:43:28.762597
Taifun Pelosi fegt über die Taiwanstrasse,https://www.tagesanzeiger.ch//taifun-pelosi-fegt-ueber-die-taiwanstrasse-473634232624,2022-08-03 22:54:37.456474
Taifun Pelosi fegt über die Taiwanstrasse,https://www.tagesanzeiger.ch//taifun-pelosi-fegt-ueber-die-taiwanstrasse-473634232624,2022-08-03 23:18:06.195016
Taifun Pelosi fegt über die Taiwanstrasse,https://www.tagesanzeiger.ch//taifun-pelosi-fegt-ueber-die-taiwanstrasse-473634232624,2022-08-03 23:35:51.665204
Taifun Pelosi fegt über die Taiwanstrasse,https://www.tagesanzeiger.ch//taifun-pelosi-fegt-ueber-die-taiwanstrasse-473634232624,2022-08-03 23:47:56.532919
Taifun Pelosi fegt über die Taiwanstrasse,https://www.tagesanzeiger.ch//taifun-pelosi-fegt-ueber-die-taiwanstrasse-473634232624,2022-08-03 23:58:57.106861
Taifun Pelosi fegt über die Taiwanstrasse,https://www.tagesanzeiger.ch//taifun-pelosi-fegt-ueber-die-taiwanstrasse-473634232624,2022-08-04 02:17:17.927269
Taifun Pelosi fegt über die Taiwanstrasse,https://www.tagesanzeiger.ch//taifun-pelosi-fegt-ueber-die-taiwanstrasse-473634232624,2022-08-04 03:42:45.080670
Zürcher Grüne planen Velodemo auf der Autobahn,https://www.tagesanzeiger.ch//zuercher-gruene-planen-velodemo-auf-der-autobahn-467137749803,2022-08-04 04:27:42.636298
Zürcher Grüne planen Velodemo auf der Autobahn,https://www.tagesanzeiger.ch//zuercher-gruene-planen-velodemo-auf-der-autobahn-467137749803,2022-08-04 05:12:29.974026
Zürcher Grüne planen Velodemo auf der Autobahn,https://www.tagesanzeiger.ch//zuercher-gruene-planen-velodemo-auf-der-autobahn-467137749803,2022-08-04 05:41:49.017146
Zürcher Grüne planen Velodemo auf der Autobahn,https://www.tagesanzeiger.ch//zuercher-gruene-planen-velodemo-auf-der-autobahn-467137749803,2022-08-04 05:53:47.397139
China beginnt Militärmanöver nahe Taiwan  Übung zielt auf eine See- und Luftblockade,https://www.tagesanzeiger.ch//pelosi-soll-in-kuerze-in-taiwan-landen-437294141206,2022-08-04 06:21:20.613204
China beginnt Militärmanöver nahe Taiwan  Übung zielt auf eine See- und Luftblockade,https://www.tagesanzeiger.ch//pelosi-soll-in-kuerze-in-taiwan-landen-437294141206,2022-08-04 06:46:57.740831
China beginnt Militärmanöver nahe Taiwan  Übung zielt auf eine See- und Luftblockade,https://www.tagesanzeiger.ch//pelosi-soll-in-kuerze-in-taiwan-landen-437294141206,2022-08-04 06:59:21.350649
China beginnt Militärmanöver nahe Taiwan  Übung zielt auf eine See- und Luftblockade,https://www.tagesanzeiger.ch//pelosi-soll-in-kuerze-in-taiwan-landen-437294141206,2022-08-04 07:23:26.189941
China beginnt Militärmanöver nahe Taiwan  Übung zielt auf eine See- und Luftblockade,https://www.tagesanzeiger.ch//pelosi-soll-in-kuerze-in-taiwan-landen-437294141206,2022-08-04 07:37:32.087294
China beginnt Militärmanöver nahe Taiwan  Übung zielt auf eine See- und Luftblockade,https://www.tagesanzeiger.ch//pelosi-soll-in-kuerze-in-taiwan-landen-437294141206,2022-08-04 07:48:27.034334
Bericht: China schiesst bei Manöver Raketen ins Meer  Übung zielt auf eine See- und Luftblockade,https://www.tagesanzeiger.ch//pelosi-soll-in-kuerze-in-taiwan-landen-437294141206,2022-08-04 07:59:42.359250
Die Welt ist abhängig von Taiwan – Inselstaat mit Hightech-Lebensversicherung,https://www.tagesanzeiger.ch//noch-hat-taiwan-seine-lebensversicherung-140959049300,2022-08-04 08:35:23.994393
Die Welt ist abhängig von Taiwan – Inselstaat mit Hightech-Lebensversicherung,https://www.tagesanzeiger.ch//noch-hat-taiwan-seine-lebensversicherung-140959049300,2022-08-04 08:55:27.728990
Die Welt ist abhängig von Taiwan – Inselstaat mit Hightech-Lebensversicherung,https://www.tagesanzeiger.ch//noch-hat-taiwan-seine-lebensversicherung-140959049300,2022-08-04 09:17:53.969839
Die Welt ist abhängig von Taiwan – Inselstaat mit Hightech-Lebensversicherung,https://www.tagesanzeiger.ch//noch-hat-taiwan-seine-lebensversicherung-140959049300,2022-08-04 09:35:08.938481
Die Welt ist abhängig von Taiwan – Inselstaat mit Hightech-Lebensversicherung,https://www.tagesanzeiger.ch//noch-hat-taiwan-seine-lebensversicherung-140959049300,2022-08-04 09:47:14.713167
Die Welt ist abhängig von Taiwan – Inselstaat mit Hightech-Lebensversicherung,https://www.tagesanzeiger.ch//noch-hat-taiwan-seine-lebensversicherung-140959049300,2022-08-04 09:58:24.896672
Warum Zürich im Sommer an manchen Orten stinkt,https://www.tagesanzeiger.ch//zuerich-die-hitze-und-der-gestank-606832741277,2022-08-04 10:27:55.753605
Warum Zürich im Sommer an manchen Orten stinkt,https://www.tagesanzeiger.ch//zuerich-die-hitze-und-der-gestank-606832741277,2022-08-04 10:47:12.309515
Warum Zürich im Sommer an manchen Orten stinkt,https://www.tagesanzeiger.ch//zuerich-die-hitze-und-der-gestank-606832741277,2022-08-04 10:58:21.235925
Warum Zürich im Sommer an manchen Orten stinkt,https://www.tagesanzeiger.ch//zuerich-die-hitze-und-der-gestank-606832741277,2022-08-04 11:20:38.441431
Warum Zürich im Sommer an manchen Orten stinkt,https://www.tagesanzeiger.ch//zuerich-die-hitze-und-der-gestank-606832741277,2022-08-04 11:33:35.944777
"Zwar produziert Russland noch Autos, aber ohne Airbag, ABS und Sicherung",https://www.tagesanzeiger.ch//zwar-produziert-russland-noch-autos-aber-ohne-airbag-abs-und-sicherung-776786545349,2022-08-04 11:44:36.443192
"Zwar produziert Russland noch Autos, aber ohne Airbag, ABS und Sicherung",https://www.tagesanzeiger.ch//zwar-produziert-russland-noch-autos-aber-ohne-airbag-abs-und-sicherung-776786545349,2022-08-04 11:55:40.939878
"Zwar produziert Russland noch Autos, aber ohne Airbag, ABS und Sicherung",https://www.tagesanzeiger.ch//zwar-produziert-russland-noch-autos-aber-ohne-airbag-abs-und-sicherung-776786545349,2022-08-04 12:39:13.508449
"Zwar produziert Russland noch Autos, aber ohne Airbag, ABS und Sicherung",https://www.tagesanzeiger.ch//zwar-produziert-russland-noch-autos-aber-ohne-airbag-abs-und-sicherung-776786545349,2022-08-04 13:23:36.311984
«Das hitzebedingte Sterberisiko ist schon ab 30 Grad erheblich»,https://www.tagesanzeiger.ch//das-hitzebedingte-sterberisiko-ist-schon-ab-30-grad-erheblich-377009873779,2022-08-04 13:53:45.781626
«Das hitzebedingte Sterberisiko ist schon ab 30 Grad erheblich»,https://www.tagesanzeiger.ch//das-hitzebedingte-sterberisiko-ist-schon-ab-30-grad-erheblich-377009873779,2022-08-04 14:12:56.982554
«Das hitzebedingte Sterberisiko ist schon ab 30 Grad erheblich»,https://www.tagesanzeiger.ch//das-hitzebedingte-sterberisiko-ist-schon-ab-30-grad-erheblich-377009873779,2022-08-04 14:30:05.224308
«Das hitzebedingte Sterberisiko ist schon ab 30 Grad erheblich»,https://www.tagesanzeiger.ch//das-hitzebedingte-sterberisiko-ist-schon-ab-30-grad-erheblich-377009873779,2022-08-04 14:42:54.167705
«Das hitzebedingte Sterberisiko ist schon ab 30 Grad erheblich»,https://www.tagesanzeiger.ch//das-hitzebedingte-sterberisiko-ist-schon-ab-30-grad-erheblich-377009873779,2022-08-04 14:54:12.189921
«Das hitzebedingte Sterberisiko ist schon ab 30 Grad erheblich»,https://www.tagesanzeiger.ch//das-hitzebedingte-sterberisiko-ist-schon-ab-30-grad-erheblich-377009873779,2022-08-04 15:19:02.580874
«Das hitzebedingte Sterberisiko ist schon ab 30 Grad erheblich»,https://www.tagesanzeiger.ch//das-hitzebedingte-sterberisiko-ist-schon-ab-30-grad-erheblich-377009873779,2022-08-04 15:41:18.924760
«Das hitzebedingte Sterberisiko ist schon ab 30 Grad erheblich»,https://www.tagesanzeiger.ch//das-hitzebedingte-sterberisiko-ist-schon-ab-30-grad-erheblich-377009873779,2022-08-04 15:54:33.127344
«Das hitzebedingte Sterberisiko ist schon ab 30 Grad erheblich»,https://www.tagesanzeiger.ch//das-hitzebedingte-sterberisiko-ist-schon-ab-30-grad-erheblich-377009873779,2022-08-04 16:26:33.232285
Massnahmen-Gegner träumen von einer Parallel-Welt,https://www.tagesanzeiger.ch//massnahmen-gegner-traeumen-von-einer-parallel-welt-593643359794,2022-08-04 17:01:18.660245
Massnahmen-Gegner träumen von einer Parallel-Welt,https://www.tagesanzeiger.ch//massnahmen-gegner-traeumen-von-einer-parallel-welt-593643359794,2022-08-04 17:31:26.590753
Massnahmen-Gegner träumen von einer Parallel-Welt,https://www.tagesanzeiger.ch//massnahmen-gegner-traeumen-von-einer-parallel-welt-593643359794,2022-08-04 17:49:33.478861
Massnahmen-Gegner träumen von einer Parallel-Welt,https://www.tagesanzeiger.ch//massnahmen-gegner-traeumen-von-einer-parallel-welt-593643359794,2022-08-04 18:01:15.092964
"«China ist noch nicht in der Lage, einen Erfolg versprechenden Angriff durchzuführen»",https://www.tagesanzeiger.ch//taiwan-hat-sich-laengst-an-chinas-drohungen-gewoehnt-380504519732,2022-08-04 18:32:41.436530
"«China ist noch nicht in der Lage, einen Erfolg versprechenden Angriff durchzuführen»",https://www.tagesanzeiger.ch//taiwan-hat-sich-laengst-an-chinas-drohungen-gewoehnt-380504519732,2022-08-04 18:51:58.320264
"«China ist noch nicht in der Lage, einen Erfolg versprechenden Angriff durchzuführen»",https://www.tagesanzeiger.ch//taiwan-hat-sich-laengst-an-chinas-drohungen-gewoehnt-380504519732,2022-08-04 19:08:52.474657
"«China ist noch nicht in der Lage, einen Erfolg versprechenden Angriff durchzuführen»",https://www.tagesanzeiger.ch//taiwan-hat-sich-laengst-an-chinas-drohungen-gewoehnt-380504519732,2022-08-04 19:27:12.206653
"«China ist noch nicht in der Lage, einen Erfolg versprechenden Angriff durchzuführen»",https://www.tagesanzeiger.ch//taiwan-hat-sich-laengst-an-chinas-drohungen-gewoehnt-380504519732,2022-08-04 19:40:27.789389
"«China ist noch nicht in der Lage, einen Erfolg versprechenden Angriff durchzuführen»",https://www.tagesanzeiger.ch//taiwan-hat-sich-laengst-an-chinas-drohungen-gewoehnt-380504519732,2022-08-04 19:51:41.950540
"Appenzeller Bergführer: Es ist sinnlos, jeden Weg einzuzäunen",https://www.tagesanzeiger.ch//appenzeller-bergfuehrer-es-ist-sinnlos-jeden-weg-einzuzaeunen-299346732263,2022-08-04 20:11:42.367342
"Appenzeller Bergführer: Es ist sinnlos, jeden Weg einzuzäunen",https://www.tagesanzeiger.ch//appenzeller-bergfuehrer-es-ist-sinnlos-jeden-weg-einzuzaeunen-299346732263,2022-08-04 20:33:19.806782
"Appenzeller Bergführer: Es ist sinnlos, jeden Weg einzuzäunen",https://www.tagesanzeiger.ch//appenzeller-bergfuehrer-es-ist-sinnlos-jeden-weg-einzuzaeunen-299346732263,2022-08-04 20:46:36.239965
"Appenzeller Bergführer: Es ist sinnlos, jeden Weg einzuzäunen",https://www.tagesanzeiger.ch//appenzeller-bergfuehrer-es-ist-sinnlos-jeden-weg-einzuzaeunen-299346732263,2022-08-04 20:57:40.601756
"Appenzeller Bergführer: Es ist sinnlos, jeden Weg einzuzäunen",https://www.tagesanzeiger.ch//appenzeller-bergfuehrer-es-ist-sinnlos-jeden-weg-einzuzaeunen-299346732263,2022-08-04 21:22:03.178898
"Appenzeller Bergführer: Es ist sinnlos, jeden Weg einzuzäunen",https://www.tagesanzeiger.ch//appenzeller-bergfuehrer-es-ist-sinnlos-jeden-weg-einzuzaeunen-299346732263,2022-08-04 21:37:49.349597
"Appenzeller Bergführer: Es ist sinnlos, jeden Weg einzuzäunen",https://www.tagesanzeiger.ch//appenzeller-bergfuehrer-es-ist-sinnlos-jeden-weg-einzuzaeunen-299346732263,2022-08-04 21:49:17.934969
"Appenzeller Bergführer: Es ist sinnlos, jeden Weg einzuzäunen",https://www.tagesanzeiger.ch//appenzeller-bergfuehrer-es-ist-sinnlos-jeden-weg-einzuzaeunen-299346732263,2022-08-04 22:00:04.875944
"Appenzeller Bergführer: Es ist sinnlos, jeden Weg einzuzäunen",https://www.tagesanzeiger.ch//appenzeller-bergfuehrer-es-ist-sinnlos-jeden-weg-einzuzaeunen-299346732263,2022-08-04 22:25:11.861707
"Appenzeller Bergführer: Es ist sinnlos, jeden Weg einzuzäunen",https://www.tagesanzeiger.ch//appenzeller-bergfuehrer-es-ist-sinnlos-jeden-weg-einzuzaeunen-299346732263,2022-08-04 22:40:39.599138
"Appenzeller Bergführer: Es ist sinnlos, jeden Weg einzuzäunen",https://www.tagesanzeiger.ch//appenzeller-bergfuehrer-es-ist-sinnlos-jeden-weg-einzuzaeunen-299346732263,2022-08-04 22:51:42.075605
"Appenzeller Bergführer: Es ist sinnlos, jeden Weg einzuzäunen",https://www.tagesanzeiger.ch//appenzeller-bergfuehrer-es-ist-sinnlos-jeden-weg-einzuzaeunen-299346732263,2022-08-04 23:09:41.292097
"Appenzeller Bergführer: Es ist sinnlos, jeden Weg einzuzäunen",https://www.tagesanzeiger.ch//appenzeller-bergfuehrer-es-ist-sinnlos-jeden-weg-einzuzaeunen-299346732263,2022-08-04 23:30:18.802206
"Appenzeller Bergführer: Es ist sinnlos, jeden Weg einzuzäunen",https://www.tagesanzeiger.ch//appenzeller-bergfuehrer-es-ist-sinnlos-jeden-weg-einzuzaeunen-299346732263,2022-08-04 23:43:57.253407
"Appenzeller Bergführer: Es ist sinnlos, jeden Weg einzuzäunen",https://www.tagesanzeiger.ch//appenzeller-bergfuehrer-es-ist-sinnlos-jeden-weg-einzuzaeunen-299346732263,2022-08-04 23:55:00.955645
"Appenzeller Bergführer: Es ist sinnlos, jeden Weg einzuzäunen",https://www.tagesanzeiger.ch//appenzeller-bergfuehrer-es-ist-sinnlos-jeden-weg-einzuzaeunen-299346732263,2022-08-05 01:48:48.376514
"Appenzeller Bergführer: Es ist sinnlos, jeden Weg einzuzäunen",https://www.tagesanzeiger.ch//appenzeller-bergfuehrer-es-ist-sinnlos-jeden-weg-einzuzaeunen-299346732263,2022-08-05 03:31:19.482903
"Appenzeller Bergführer: Es ist sinnlos, jeden Weg einzuzäunen",https://www.tagesanzeiger.ch//appenzeller-bergfuehrer-es-ist-sinnlos-jeden-weg-einzuzaeunen-299346732263,2022-08-05 04:29:52.978327
"Appenzeller Bergführer: Es ist sinnlos, jeden Weg einzuzäunen",https://www.tagesanzeiger.ch//appenzeller-bergfuehrer-es-ist-sinnlos-jeden-weg-einzuzaeunen-299346732263,2022-08-05 05:17:46.035589
"Appenzeller Bergführer: Es ist sinnlos, jeden Weg einzuzäunen",https://www.tagesanzeiger.ch//appenzeller-bergfuehrer-es-ist-sinnlos-jeden-weg-einzuzaeunen-299346732263,2022-08-05 05:46:09.322778
"Appenzeller Bergführer: Es ist sinnlos, jeden Weg einzuzäunen",https://www.tagesanzeiger.ch//appenzeller-bergfuehrer-es-ist-sinnlos-jeden-weg-einzuzaeunen-299346732263,2022-08-05 05:57:07.535484
"Appenzeller Bergführer: Es ist sinnlos, jeden Weg einzuzäunen",https://www.tagesanzeiger.ch//appenzeller-bergfuehrer-es-ist-sinnlos-jeden-weg-einzuzaeunen-299346732263,2022-08-05 06:29:47.538554
"Appenzeller Bergführer: Es ist sinnlos, jeden Weg einzuzäunen",https://www.tagesanzeiger.ch//appenzeller-bergfuehrer-es-ist-sinnlos-jeden-weg-einzuzaeunen-299346732263,2022-08-05 06:51:35.813316
"Appenzeller Bergführer: Es ist sinnlos, jeden Weg einzuzäunen",https://www.tagesanzeiger.ch//appenzeller-bergfuehrer-es-ist-sinnlos-jeden-weg-einzuzaeunen-299346732263,2022-08-05 07:09:10.457544
"Appenzeller Bergführer: Es ist sinnlos, jeden Weg einzuzäunen",https://www.tagesanzeiger.ch//appenzeller-bergfuehrer-es-ist-sinnlos-jeden-weg-einzuzaeunen-299346732263,2022-08-05 07:29:04.960508
"Appenzeller Bergführer: Es ist sinnlos, jeden Weg einzuzäunen",https://www.tagesanzeiger.ch//appenzeller-bergfuehrer-es-ist-sinnlos-jeden-weg-einzuzaeunen-299346732263,2022-08-05 07:41:30.719849
«Es ist zu teuer und ich bin zu müde»,https://www.tagesanzeiger.ch//jetzt-hoert-er-auf-gegen-den-krach-zu-kaempfen-146478272096,2022-08-05 07:52:36.256542
«Es ist zu teuer und ich bin zu müde»,https://www.tagesanzeiger.ch//jetzt-hoert-er-auf-gegen-den-krach-zu-kaempfen-146478272096,2022-08-05 08:16:04.963949
«Es ist zu teuer und ich bin zu müde»,https://www.tagesanzeiger.ch//jetzt-hoert-er-auf-gegen-den-krach-zu-kaempfen-146478272096,2022-08-05 08:39:52.953535
«Es ist zu teuer und ich bin zu müde»,https://www.tagesanzeiger.ch//jetzt-hoert-er-auf-gegen-den-krach-zu-kaempfen-146478272096,2022-08-05 08:53:23.576315
«Es ist zu teuer und ich bin zu müde»,https://www.tagesanzeiger.ch//jetzt-hoert-er-auf-gegen-den-krach-zu-kaempfen-146478272096,2022-08-05 09:13:45.370163
«Es ist zu teuer und ich bin zu müde»,https://www.tagesanzeiger.ch//jetzt-hoert-er-auf-gegen-den-krach-zu-kaempfen-146478272096,2022-08-05 09:33:29.150954
«Es ist zu teuer und ich bin zu müde»,https://www.tagesanzeiger.ch//jetzt-hoert-er-auf-gegen-den-krach-zu-kaempfen-146478272096,2022-08-05 09:46:45.229359
«Es ist zu teuer und ich bin zu müde»,https://www.tagesanzeiger.ch//jetzt-hoert-er-auf-gegen-den-krach-zu-kaempfen-146478272096,2022-08-05 09:57:41.064842
"Stillstand auf dem Rhein? Noch wenige Zentimeter, bis die Schiffe nicht mehr fahren können",https://www.tagesanzeiger.ch//stillstand-auf-dem-rhein-noch-wenige-zentimeter-bis-die-schiffe-nicht-mehr-fahren-koennen-167118699092,2022-08-05 10:26:22.443572
"Stillstand auf dem Rhein? Noch wenige Zentimeter, bis die Schiffe nicht mehr fahren können",https://www.tagesanzeiger.ch//stillstand-auf-dem-rhein-noch-wenige-zentimeter-bis-die-schiffe-nicht-mehr-fahren-koennen-167118699092,2022-08-05 10:43:18.955065
"Stillstand auf dem Rhein? Noch wenige Zentimeter, bis die Schiffe nicht mehr fahren können",https://www.tagesanzeiger.ch//stillstand-auf-dem-rhein-noch-wenige-zentimeter-bis-die-schiffe-nicht-mehr-fahren-koennen-167118699092,2022-08-05 10:54:23.084427
"Stillstand auf dem Rhein? Noch wenige Zentimeter, bis die Schiffe nicht mehr fahren können",https://www.tagesanzeiger.ch//stillstand-auf-dem-rhein-noch-wenige-zentimeter-bis-die-schiffe-nicht-mehr-fahren-koennen-167118699092,2022-08-05 11:14:12.078501
"Stillstand auf dem Rhein? Noch wenige Zentimeter, bis die Schiffe nicht mehr fahren können",https://www.tagesanzeiger.ch//stillstand-auf-dem-rhein-noch-wenige-zentimeter-bis-die-schiffe-nicht-mehr-fahren-koennen-167118699092,2022-08-05 11:31:17.187875
"Stillstand auf dem Rhein? Noch wenige Zentimeter, bis die Schiffe nicht mehr fahren können",https://www.tagesanzeiger.ch//stillstand-auf-dem-rhein-noch-wenige-zentimeter-bis-die-schiffe-nicht-mehr-fahren-koennen-167118699092,2022-08-05 11:44:01.980712
